[
  {
    "id": 1,
    "name": "Chocolate Fudge Cake",
    "image_url": "img/1.jpg",
    "description": "Decadent chocolate fudge cake with a rich, moist texture.",
    "original_price": 25.99,
    "is_on_discount": true,
    "discounted_price": 19.99,
    "stock_count": 10
  },
  {
    "id": 2,
    "name": "Strawberry Cheesecake",
    "image_url": "img/2.jpg",
    "description": "Creamy strawberry cheesecake with a buttery graham cracker crust.",
    "original_price": 29.99,
    "is_on_discount": false,
    "discounted_price": null,
    "stock_count": 5
  },
  {
    "id": 3,
    "name": "Mango Cake",
    "image_url": "img/3.jpg",
    "description": "Classic mango cake with walnuts and cream cheese frosting.",
    "original_price": 21.99,
    "is_on_discount": true,
    "discounted_price": 16.99,
    "stock_count": 8
  },
  {
    "id": 4,
    "name": "Almond Cake",
    "image_url": "img/4.jpg",
    "description": "An abundance of fresh mixed fruits cake.",
    "original_price": 27.99,
    "is_on_discount": false,
    "discounted_price": null,
    "stock_count": 3
  },
  {
    "id": 5,
    "name": "Blackforest Cake",
    "image_url": "img/5.jpg",
    "description": "Soft chocolate sponge layered with dark sweet cherries decorated with premium chocolate shavings",
    "original_price": 18.99,
    "is_on_discount": true,
    "discounted_price": 14.99,
    "stock_count": 12
  }
]
